graph,n,g,epsilon,r,c,K,N_g,exact_ms_median7,hybrid_ms_mean100,speedup,MARE_percent,randomized_runs,fallback_runs,avg_trials
A1c,42,6,0.08,101,0.005,31,168,0.026316,0.034123,0.7712,0,0,100,0
A2c,84,6,0.08,101,0.005,63,320,0.052567,0.062361,0.843,0,0,100,0
A4c,168,6,0.08,101,0.005,126,640,0.113003,0.130726,0.8644,0,0,100,126
A8c,336,6,0.08,101,0.005,252,1280,0.248721,0.287722,0.8644,0,0,100,252
A16c,672,6,0.08,101,0.005,504,2560,0.539399,0.597908,0.9021,0,0,100,504
A32c,1344,6,0.08,101,0.005,1008,5120,1.056088,1.213399,0.8704,0,0,100,1008
A128c,5376,6,0.08,101,0.005,4032,20480,4.854804,6.559913,0.7401,0,0,100,4032
A128r,5376,6,0.08,101,0.005,4032,176,5.243275,6.183818,0.8479,0,0,100,4032
A256c,10752,6,0.08,101,0.005,8064,40960,12.697885,2.811927,4.5157,7.3282,95,5,6664.6
A256r,10752,6,0.08,101,0.005,8064,165,18.198564,21.078356,0.8634,0,0,100,8064
B128c,2560,6,0.08,101,0.005,691,4608,0.945655,1.139053,0.8302,0,0,100,691
B128r,2560,6,0.08,101,0.005,691,44,1.3888,1.720009,0.8074,0,0,100,691
C128c,11264,6,0.08,101,0.005,33116,204928,45.559182,3.937845,11.5696,7.8675,100,0,11342.3
C128r,11264,6,0.08,101,0.005,33116,1590,60.128856,83.607485,0.7192,0,0,100,33116
D1c,312,8,0.08,101,0.005,468,3638,1.473309,1.652637,0.8915,0,0,100,468
D16r,4992,8,0.08,101,0.005,7488,3663,22.686383,24.309513,0.9332,0,0,100,7488
D16c,4992,8,0.08,101,0.005,7488,57680,30.8311,23.808145,1.295,0,0,100,7488
