graph,n,g,Ng,eps,r,quantum,exact_ms,hybrid_ms,MARE_percent,random_wins,exact_wins,mean_trials,speedup
A8c,336,6,1280,0.08,101,256,0.250132,2.3318258,8.37214383031,10,0,6746.2,0.10726873336764695
A16c,672,6,2560,0.08,101,256,0.93332,2.5371095,8.37214383031,10,0,6746.2,0.3678674491581857
A32c,1344,6,5120,0.08,101,256,1.331382,2.5841702,8.37214383031,10,0,6746.2,0.5152067770149196
A128r,5376,6,176,0.08,101,256,26.147004,577.186652,0,0,10,454180,0.0453007773298264
A128c,5376,6,20480,0.08,101,256,7.284016,2.61465,8.37214383031,10,0,6746.2,2.7858474365593864
A256r,10752,6,165,0.08,101,256,26.186675,467.9200582,0,0,10,908032,0.055963993295639405
A256c,10752,6,40960,0.08,101,256,19.63608,4.8392728,8.37214383031,10,0,6746.2,4.057650975989616
B128r,2560,6,44,0.08,101,256,2.057573,39.2679778,0,0,10,106496,0.05239824190793956
B128c,2560,6,4608,0.08,101,256,1.662282,0.6963753,4.62099820952,10,0,2938.8,2.3870490524290564
C128r,11264,6,1590,0.08,101,256,66.344037,795.276715,7.95988694042,10,0,1455387.8,0.08342258203800171
C128c,11264,6,204928,0.08,101,256,195.084712,18.0588636,10.0657420589,10,0,11470.9,10.802712525056117
D16r,4992,8,3663,0.08,101,256,74.311869,441.3614286,7.84902111723,10,0,260219.1,0.16836964941797816
D16c,4992,8,57680,0.08,101,256,48.239258,22.3926549,7.4402016176,10,0,16598.2,2.154244693870578
