graph,n,dv,dc,g,N_g,epsilon,r,exact_ms,race_ms,MARE_percent,randomized_runs,exact_runs,mean_trials,speedup
A8c,336,3,6,6,1280,0.08,101,0.233997,0.6666816,3.7326065418,40,60,5466.27,0.3509876379
A16c,672,3,6,6,2560,0.08,101,0.471287,0.95316574,6.9881477708,82,18,6314.82,0.4944439149
A32c,1344,3,6,6,5120,0.08,101,1.21877,0.8984779,7.501063473,100,0,6533.94,1.3564830031
A128r,5376,3,6,6,176,0.08,101,7.331952,18.92960824,0,0,100,91910.89,0.3873271917
A128c,5376,3,6,6,20480,0.08,101,15.043468,4.04696654,7.3713517751,92,8,6483.95,3.7172207507
A256r,10752,3,6,6,165,0.08,101,13.990682,46.98987931,0,0,100,177952.89,0.2977381982
A256c,10752,3,6,6,40960,0.08,101,14.13583,2.86592834,8.1202460336,100,0,6725.29,4.9323738499
B128r,2560,3,4,6,44,0.08,101,1.242663,3.69697209,0,0,100,19660.56,0.3361299382
B128c,2560,3,4,6,4608,0.08,101,1.105825,0.63236764,6.7072709363,97,3,2971.93,1.7487058636
C128r,11264,4,8,6,1590,0.08,101,71.887566,90.36190885,0,0,100,195843.76,0.7955516535
C128c,11264,4,8,6,204928,0.08,101,48.719366,3.73921003,7.7307854496,100,0,11405.16,13.0293205274
D16r,4992,3,6,8,3663,0.08,101,21.836072,26.05754858,0,0,100,91842.11,0.8379941011
D16c,4992,3,6,8,57680,0.08,101,21.082041,4.77961829,9.4390509607,100,0,16052.54,4.4108210574
