graph,dv,dc,g,n,N_g,lambda,speedup,mare_percent
A8c,3,6,6,336,1280,5.12,0.37,0.0
A16c,3,6,6,672,2560,10.24,0.47,2.9
A32c,3,6,6,1344,5120,20.48,1.57,8.6
A128r,3,6,6,5376,176,0.70,0.79,0.0
A128c,3,6,6,5376,20480,81.92,3.20,7.3
A256r,3,6,6,10752,165,0.66,0.93,0.0
A256c,3,6,6,10752,40960,163.84,3.63,8.4
B128r,3,4,6,2560,44,0.81,0.85,0.0
B128c,3,4,6,2560,4608,85.33,1.86,7.3
C128r,4,8,6,11264,1590,0.77,0.89,0.0
C128c,4,8,6,11264,204928,99.58,9.58,8.2
D16r,3,6,8,4992,3663,1.95,1.07,0.0
D16c,3,6,8,4992,57680,30.76,4.56,7.7
