graph,dv,dc,g,n,T,count_tuple,ours_ms,KB_ms,speedup
A128r,3,6,6,5376,6,"(176,)",6.119,56.244,9.19
C128r,4,8,6,11264,6,"(1590,)",46.898,952.779,20.32
R1200,4,8,6,1200,6,"(1564,)",4.106,48.016,11.69
R2400,3,6,6,2400,6,"(155,)",2.947,25.498,8.65
P1200,3,6,8,1200,8,"(65,)",3.977,45.746,11.50
P1600,3,4,10,1600,10,"(11,)",5.272,71.769,13.61
A128r,3,6,6,5376,10,"(176, 1709, 8987)",618.046,1526.063,2.47
A128c,3,6,6,5376,10,"(20480, 203904, 1069056)",438.341,34.202,0.08
D1c,3,6,8,312,14,"(3638, 15670, 142582, 1111500)",972.965,13.180,0.01
