graph,dv,dc,g,n,T,count_tuple,ours_ms,KB_ms,speedup
A128r,3,6,6,5376,6,"(176,)",7.674,77.920,10.15
A256r,3,6,6,10752,6,"(165,)",21.613,179.932,8.32
C128r,4,8,6,11264,6,"(1590,)",54.312,1180.562,21.74
D16r,3,6,8,4992,8,"(3663,)",21.948,409.193,18.64
A128r,3,6,6,5376,8,"(176, 1709)",61.174,438.556,7.17
A128r,3,6,6,5376,10,"(176, 1709, 8987)",602.578,1607.214,2.67
A128c,3,6,6,5376,10,"(20480, 203904, 1069056)",552.370,35.625,0.06
D1c,3,6,8,312,14,"(3638, 15670, 142582, 1111500)",974.442,12.873,0.01
D16r,3,6,8,4992,10,"(3663, 15719)",178.044,1240.071,6.96
