graph,dv,dc,g,n,Ng,exact_ms,kb_ms,hybrid_ms,MARE_percent,random_wins,exact_wins,mean_trials,eps,r,quantum,runs,exact_reps,kb_reps,graph_file,graph_sha256
A16c,3,6,6,672,2560,0.496655,1.507239,0.79874646,7.70345945003,100,0,6607.07,0.08,101,256,100,7,7,graphs/A16c.edges,0a90f5588de54007dce83b6de1c668d66b2f31527f7d651e3b0c031f01a40642
A128r,3,6,6,5376,176,6.214765,58.701021,104.75029605,0,0,100,454180,0.08,101,256,100,7,7,graphs/A128r.edges,f47728c74f0f8cf77abfcebb9dc4a7c4df6f6ceddc556af865147a39c53f28e2
A128c,3,6,6,5376,20480,5.699453,14.841527,1.38187633,8.81745528684,100,0,6607.84,0.08,101,256,100,7,7,graphs/A128c.edges,76c616c1621817a5f84a145fe74dfc3c78efc29c4bb05fed0018e2ec0cba2a68
B128c,3,4,6,2560,4608,1.094911,3.067979,0.45443575,7.59207441862,100,0,3021.85,0.08,101,256,100,7,7,graphs/B128c.edges,afd976af55bff9f20e45cfac7cd70353198ba108b498f4b220232ec43a934c3b
C128c,4,8,6,11264,204928,44.423137,112.565358,3.19559026,7.62048070113,100,0,11233,0.08,101,256,100,7,7,graphs/C128c.edges,55310bd25d10e1dcaf270079b35678b8af78128443664633da0a7bbb35fa18b6
D16c,3,6,8,4992,57680,18.504316,75.799639,4.54819635,6.90954898856,100,0,16608.98,0.08,101,256,100,7,7,graphs/D16c.edges,55207835b6e8342a02561c2cda16da2b44c427bf03cc8404ac1572f149dcc2bf
R1200,4,8,6,1200,1564,4.170801,47.418378,24.66687629,6.46425052217,100,0,159106.59,0.08,101,256,100,7,7,graphs/R1200.edges,1a3453a0cc502876d6784fcdd28fe66253ee81fd86d5cb779023a77b4cfb0322
P1200,3,6,8,1200,65,4.211101,44.640082,44.72062379,0,0,100,208924,0.08,101,256,100,7,7,graphs/P1200.edges,a710c06b01a43221c7b8d9e4df50d82b84a20e9d44891798ba042e2ee4551ffe
P1600,3,4,10,1600,11,5.195266,70.511378,80.90793031,0,0,100,289768,0.08,101,256,100,7,7,graphs/P1600.edges,d9a01d90d1bf8b6634bfb7ea276db555b4780e91119934a2863b4424286f5a75
Q410,3,4,10,40448,40448,128.666887,1125.037753,90.1533231,7.538441262,100,0,119991.16,0.08,101,256,100,7,7,graphs/Q410.edges,a05631c0fda7f5c053ee195667459d4efd94b3c5e0e2ba6782ae2e858963e75d
Q412,3,4,12,36352,308992,292.054293,2971.17,62.12538848,7.59123144086,100,0,69485.07,0.08,101,256,100,7,7,graphs/Q412.edges,86d5137a041903dcaddbcda94ffc4d8b512969baa7df104a59842d0a4eda1e59
